<?xml version="1.0" encoding="UTF-8"?><record_update table="sys_app">
    <sys_app action="INSERT_OR_UPDATE">
        <active>true</active>
        <can_edit_in_studio>true</can_edit_in_studio>
        <enforce_license>log</enforce_license>
        <guided_setup_guid/>
        <hide_on_ui>false</hide_on_ui>
        <ide_created>GAC</ide_created>
        <installed_as_dependency>false</installed_as_dependency>
        <js_level>es_latest</js_level>
        <licensable>true</licensable>
        <license/>
        <license_category>none</license_category>
        <license_definition/>
        <license_model>none</license_model>
        <logo/>
        <menu/>
        <name>sn_bpe</name>
        <package_json display_value="x_13131_bpe/sn_bpe/1.0.0/package.json" path="x_13131_bpe/sn_bpe/1.0.0/package.json">x_13131_bpe/sn_bpe/1.0.0/package.json</package_json>
        <private>false</private>
        <restrict_table_access>false</restrict_table_access>
        <runtime_access_tracking>permissive</runtime_access_tracking>
        <scope>x_13131_bpe</scope>
        <scoped_administration>false</scoped_administration>
        <short_description/>
        <source>x_13131_bpe</source>
        <store_correlation_id/>
        <store_url/>
        <subscription_entitlement/>
        <sys_class_name>sys_app</sys_class_name>
        <sys_code/>
        <sys_created_by>admin</sys_created_by>
        <sys_created_on>2024-03-14 17:55:09</sys_created_on>
        <sys_id>46be477b4774021051711288c26d432c</sys_id>
        <sys_mod_count>2</sys_mod_count>
        <sys_updated_by>admin</sys_updated_by>
        <sys_updated_on>2024-03-14 19:47:47</sys_updated_on>
        <template/>
        <trackable>true</trackable>
        <uninstall_blocked>false</uninstall_blocked>
        <user_role/>
        <vendor/>
        <vendor_prefix/>
        <version>1.0.0</version>
    </sys_app>
    <sys_translated_text action="delete_multiple" query="documentkey=46be477b4774021051711288c26d432c"/>
    <sys_attachment action="INSERT_OR_UPDATE">
        <average_image_color/>
        <chunk_size_bytes>700000</chunk_size_bytes>
        <compressed>true</compressed>
        <content_type>text/plain</content_type>
        <file_name>dict.txt</file_name>
        <hash>017c7e796b7db0ae58ee2d230c6bf8d77b687d92d19dd03501c1b4bbcfebf771</hash>
        <image_height/>
        <image_width/>
        <size_bytes>6</size_bytes>
        <size_compressed>26</size_compressed>
        <state>available</state>
        <sys_created_by>admin</sys_created_by>
        <sys_created_on>2024-03-14 19:47:44</sys_created_on>
        <sys_id>4f78e7f34738021051711288c26d433b</sys_id>
        <sys_mod_count>1</sys_mod_count>
        <sys_updated_by>system</sys_updated_by>
        <sys_updated_on>2024-03-14 19:47:44</sys_updated_on>
        <table_name>sys_app</table_name>
        <table_sys_id>46be477b4774021051711288c26d432c</table_sys_id>
    </sys_attachment>
    <sys_attachment_doc action="INSERT_OR_UPDATE">
        <data>H4sIAAAAAAAA/w==</data>
        <length>16</length>
        <position>0</position>
        <sys_attachment display_value="dict.txt" sys_id="4f78e7f34738021051711288c26d433b">4f78e7f34738021051711288c26d433b</sys_attachment>
        <sys_created_by>admin</sys_created_by>
        <sys_created_on>2024-03-14 19:47:44</sys_created_on>
        <sys_id>8f78e7f34738021051711288c26d433b</sys_id>
    </sys_attachment_doc>
    <sys_attachment_doc action="INSERT_OR_UPDATE">
        <data>c3R0cnJ2BgBnzNdmBgAAAA==</data>
        <length>24</length>
        <position>1</position>
        <sys_attachment display_value="dict.txt" sys_id="4f78e7f34738021051711288c26d433b">4f78e7f34738021051711288c26d433b</sys_attachment>
        <sys_created_by>admin</sys_created_by>
        <sys_created_on>2024-03-14 19:47:44</sys_created_on>
        <sys_id>0378e7f34738021051711288c26d433c</sys_id>
    </sys_attachment_doc>
</record_update>
