<?xml version="1.0" encoding="UTF-8"?><record_update table="sys_atf_step">
    <sys_atf_step action="DELETE">
        <active>true</active>
        <copied_from display_value="Run Server Side Script">b4019965474d061051711288c26d43b1</copied_from>
        <description>Run Server Side Validation Script</description>
        <display_name>Run Server Side Script</display_name>
        <inputs/>
        <mugshots_cache_json/>
        <notes/>
        <order>1</order>
        <step_config display_value="Run Server Side Script">41de4a935332120028bc29cac2dc349a</step_config>
        <sys_class_name>sys_atf_step</sys_class_name>
        <sys_created_by>admin</sys_created_by>
        <sys_created_on>2024-03-19 19:15:19</sys_created_on>
        <sys_id>cd01d565474d061051711288c26d4399</sys_id>
        <sys_mod_count>0</sys_mod_count>
        <sys_name>Run Server Side Script</sys_name>
        <sys_package display_value="sn_bpe" source="x_13131_bpe">46be477b4774021051711288c26d432c</sys_package>
        <sys_policy/>
        <sys_scope display_value="sn_bpe">46be477b4774021051711288c26d432c</sys_scope>
        <sys_update_name>sys_atf_step_cd01d565474d061051711288c26d4399</sys_update_name>
        <sys_updated_by>admin</sys_updated_by>
        <sys_updated_on>2024-03-19 19:15:19</sys_updated_on>
        <table/>
        <test display_value="cl100k_base Validation copy copy copy">c101d565474d061051711288c26d4396</test>
        <timeout/>
        <warning_message/>
    </sys_atf_step>
    <sys_variable_value action="DELETE" query="document_key=cd01d565474d061051711288c26d4399"/>
    <sys_variable_value action="DELETE">
        <document>sys_atf_step</document>
        <document_key>cd01d565474d061051711288c26d4399</document_key>
        <order>100</order>
        <sys_class_name>sys_variable_value</sys_class_name>
        <sys_created_by>admin</sys_created_by>
        <sys_created_on>2024-03-19 19:15:19</sys_created_on>
        <sys_id>0901d565474d061051711288c26d439a</sys_id>
        <sys_mod_count>0</sys_mod_count>
        <sys_updated_by>admin</sys_updated_by>
        <sys_updated_on>2024-03-19 19:15:19</sys_updated_on>
        <value>3.1</value>
        <variable display_value="Jasmine version">42f2564b73031300440211d8faf6a777</variable>
    </sys_variable_value>
    <sys_variable_value action="DELETE">
        <document>sys_atf_step</document>
        <document_key>cd01d565474d061051711288c26d4399</document_key>
        <order>200</order>
        <sys_class_name>sys_variable_value</sys_class_name>
        <sys_created_by>admin</sys_created_by>
        <sys_created_on>2024-03-19 19:15:19</sys_created_on>
        <sys_id>c901d565474d061051711288c26d439a</sys_id>
        <sys_mod_count>0</sys_mod_count>
        <sys_updated_by>admin</sys_updated_by>
        <sys_updated_on>2024-03-19 19:15:19</sys_updated_on>
        <value>(function(outputs, steps, params, stepResult, assertEqual) {&#13;
&#13;
const TEXT_TO_TEST = "Hello World!";&#13;
const REFERENCE_ENCODING = [9906, 4435, 0]&#13;
&#13;
const { Tokenizer} = require('./src/Tokenizer.js');&#13;
const tokenizer = new Tokenizer('c14ba3f74738021051711288c26d430c');&#13;
const output = tokenizer.encode(TEXT_TO_TEST);&#13;
assertEqual({&#13;
				name: "Encoding of " + TEXT_TO_TEST + " should match OpenAI Tokenizer:  https://platform.openai.com/tokenizer",&#13;
				shouldbe: REFERENCE_ENCODING.toString(),&#13;
				value: output.toString()&#13;
		}); &#13;
})(outputs, steps, params, stepResult, assertEqual);&#13;
&#13;
</value>
        <variable display_value="Test script">989d9e235324220002c6435723dc3484</variable>
    </sys_variable_value>
    <sys_update_version action="INSERT_OR_UPDATE">
        <action>DELETE</action>
        <application display_value="sn_bpe">46be477b4774021051711288c26d432c</application>
        <file_path/>
        <instance_id>8f197952db9b559091232f17d4961956</instance_id>
        <instance_name>dev145183</instance_name>
        <name>sys_atf_step_cd01d565474d061051711288c26d4399</name>
        <payload><![CDATA[<?xml version="1.0" encoding="UTF-8"?><record_update table="sys_atf_step"><sys_atf_step action="INSERT_OR_UPDATE"><active>true</active><copied_from display_value="Run Server Side Script">b4019965474d061051711288c26d43b1</copied_from><description>Run Server Side Validation Script</description><display_name>Run Server Side Script</display_name><inputs/><mugshots_cache_json/><notes/><order>1</order><step_config display_value="Run Server Side Script">41de4a935332120028bc29cac2dc349a</step_config><sys_class_name>sys_atf_step</sys_class_name><sys_created_by>admin</sys_created_by><sys_created_on>2024-03-19 19:15:19</sys_created_on><sys_id>cd01d565474d061051711288c26d4399</sys_id><sys_mod_count>0</sys_mod_count><sys_name>Run Server Side Script</sys_name><sys_package display_value="sn_bpe" source="x_13131_bpe">46be477b4774021051711288c26d432c</sys_package><sys_policy/><sys_scope display_value="sn_bpe">46be477b4774021051711288c26d432c</sys_scope><sys_update_name>sys_atf_step_cd01d565474d061051711288c26d4399</sys_update_name><sys_updated_by>admin</sys_updated_by><sys_updated_on>2024-03-19 19:15:19</sys_updated_on><table/><test display_value="cl100k_base Validation copy copy copy">c101d565474d061051711288c26d4396</test><timeout/><warning_message/></sys_atf_step><sys_variable_value action="delete_multiple" query="document_key=cd01d565474d061051711288c26d4399"/><sys_variable_value action="INSERT_OR_UPDATE"><document>sys_atf_step</document><document_key>cd01d565474d061051711288c26d4399</document_key><order>100</order><sys_class_name>sys_variable_value</sys_class_name><sys_created_by>admin</sys_created_by><sys_created_on>2024-03-19 19:15:19</sys_created_on><sys_id>0901d565474d061051711288c26d439a</sys_id><sys_mod_count>0</sys_mod_count><sys_updated_by>admin</sys_updated_by><sys_updated_on>2024-03-19 19:15:19</sys_updated_on><value>3.1</value><variable display_value="Jasmine version">42f2564b73031300440211d8faf6a777</variable></sys_variable_value><sys_variable_value action="INSERT_OR_UPDATE"><document>sys_atf_step</document><document_key>cd01d565474d061051711288c26d4399</document_key><order>200</order><sys_class_name>sys_variable_value</sys_class_name><sys_created_by>admin</sys_created_by><sys_created_on>2024-03-19 19:15:19</sys_created_on><sys_id>c901d565474d061051711288c26d439a</sys_id><sys_mod_count>0</sys_mod_count><sys_updated_by>admin</sys_updated_by><sys_updated_on>2024-03-19 19:15:19</sys_updated_on><value>(function(outputs, steps, params, stepResult, assertEqual) {&#13;
&#13;
const TEXT_TO_TEST = "Hello World!";&#13;
const REFERENCE_ENCODING = [9906, 4435, 0]&#13;
&#13;
const { Tokenizer} = require('./src/Tokenizer.js');&#13;
const tokenizer = new Tokenizer('c14ba3f74738021051711288c26d430c');&#13;
const output = tokenizer.encode(TEXT_TO_TEST);&#13;
assertEqual({&#13;
				name: "Encoding of " + TEXT_TO_TEST + " should match OpenAI Tokenizer:  https://platform.openai.com/tokenizer",&#13;
				shouldbe: REFERENCE_ENCODING.toString(),&#13;
				value: output.toString()&#13;
		}); &#13;
})(outputs, steps, params, stepResult, assertEqual);&#13;
&#13;
</value><variable display_value="Test script">989d9e235324220002c6435723dc3484</variable></sys_variable_value></record_update>]]></payload>
        <payload_hash>2009550298</payload_hash>
        <record_name>Run Server Side Script</record_name>
        <reverted_from/>
        <source>c6be477b4774021051711288c26d432f</source>
        <source_table>sys_update_set</source_table>
        <state>previous</state>
        <sys_created_by>admin</sys_created_by>
        <sys_created_on>2024-03-19 19:15:20</sys_created_on>
        <sys_id>cd01d565474d061051711288c26d439c</sys_id>
        <sys_mod_count>0</sys_mod_count>
        <sys_recorded_at>18e5823b94d0000001</sys_recorded_at>
        <sys_updated_by>admin</sys_updated_by>
        <sys_updated_on>2024-03-19 19:15:20</sys_updated_on>
        <type>Test Step</type>
        <update_guid>c101d565534d0610b4820ec4ff6f869c</update_guid>
        <update_guid_history>c101d565534d0610b4820ec4ff6f869c:2009550298</update_guid_history>
    </sys_update_version>
    <sys_metadata_delete action="INSERT_OR_UPDATE">
        <sys_audit_delete/>
        <sys_class_name>sys_metadata_delete</sys_class_name>
        <sys_created_by>admin</sys_created_by>
        <sys_created_on>2024-03-19 19:18:12</sys_created_on>
        <sys_db_object display_value="" name="sys_atf_step">sys_atf_step</sys_db_object>
        <sys_id>3d60fd31584e46eebb6409d887535cc4</sys_id>
        <sys_metadata>cd01d565474d061051711288c26d4399</sys_metadata>
        <sys_mod_count>0</sys_mod_count>
        <sys_name>Run Server Side Script</sys_name>
        <sys_package display_value="sn_bpe" source="x_13131_bpe">46be477b4774021051711288c26d432c</sys_package>
        <sys_parent/>
        <sys_policy/>
        <sys_scope display_value="sn_bpe">46be477b4774021051711288c26d432c</sys_scope>
        <sys_scope_delete display_value="">62604b911d4a4e949a7048a041b15c10</sys_scope_delete>
        <sys_update_name>sys_atf_step_cd01d565474d061051711288c26d4399</sys_update_name>
        <sys_update_version display_value="sys_atf_step_cd01d565474d061051711288c26d4399">cd01d565474d061051711288c26d439c</sys_update_version>
        <sys_updated_by>admin</sys_updated_by>
        <sys_updated_on>2024-03-19 19:18:12</sys_updated_on>
    </sys_metadata_delete>
</record_update>
