<?xml version="1.0" encoding="UTF-8"?><record_update sys_domain="global" table="sys_script">
    <sys_script action="DELETE">
        <abort_action>false</abort_action>
        <access/>
        <action_delete>false</action_delete>
        <action_insert>false</action_insert>
        <action_query>false</action_query>
        <action_update>true</action_update>
        <active>true</active>
        <add_message>false</add_message>
        <advanced>true</advanced>
        <change_fields>false</change_fields>
        <client_callable>false</client_callable>
        <collection>incident</collection>
        <condition/>
        <description/>
        <execute_function>false</execute_function>
        <filter_condition/>
        <is_rest>false</is_rest>
        <message/>
        <name>LogItemChange</name>
        <order>100</order>
        <priority/>
        <rest_method/>
        <rest_method_text/>
        <rest_service/>
        <rest_service_text/>
        <rest_variables/>
        <role_conditions/>
        <script><![CDATA[	
    const { showStatusUpdate } = require('./src/myfunction.js')
	  showStatusUpdate(current.getValue('status'), previous.getValue('status'))
]]></script>
        <sys_class_name>sys_script</sys_class_name>
        <sys_created_by>admin</sys_created_by>
        <sys_created_on>2024-03-14 17:55:24</sys_created_on>
        <sys_domain>global</sys_domain>
        <sys_domain_path>/</sys_domain_path>
        <sys_id>7d32077f173f46648d19b6e3cbcb2f5e</sys_id>
        <sys_mod_count>0</sys_mod_count>
        <sys_name>LogItemChange</sys_name>
        <sys_overrides/>
        <sys_package display_value="sn_bpe" source="x_13131_bpe">46be477b4774021051711288c26d432c</sys_package>
        <sys_policy/>
        <sys_scope display_value="sn_bpe">46be477b4774021051711288c26d432c</sys_scope>
        <sys_update_name>sys_script_7d32077f173f46648d19b6e3cbcb2f5e</sys_update_name>
        <sys_updated_by>admin</sys_updated_by>
        <sys_updated_on>2024-03-14 17:55:24</sys_updated_on>
        <template/>
        <when>after</when>
    </sys_script>
    <sys_translated_text action="DELETE" query="documentkey=7d32077f173f46648d19b6e3cbcb2f5e"/>
<sys_update_version action="INSERT_OR_UPDATE">
        <action>DELETE</action>
        <application display_value="sn_bpe">46be477b4774021051711288c26d432c</application>
        <file_path/>
        <instance_id>8f197952db9b559091232f17d4961956</instance_id>
        <instance_name>dev145183</instance_name>
        <name>sys_script_7d32077f173f46648d19b6e3cbcb2f5e</name>
        <payload>&lt;?xml version="1.0" encoding="UTF-8"?&gt;&lt;record_update sys_domain="global" table="sys_script"&gt;
    &lt;sys_script action="INSERT_OR_UPDATE"&gt;
        &lt;abort_action&gt;false&lt;/abort_action&gt;
        &lt;access/&gt;
        &lt;action_delete&gt;false&lt;/action_delete&gt;
        &lt;action_insert&gt;false&lt;/action_insert&gt;
        &lt;action_query&gt;false&lt;/action_query&gt;
        &lt;action_update&gt;true&lt;/action_update&gt;
        &lt;active&gt;true&lt;/active&gt;
        &lt;add_message&gt;false&lt;/add_message&gt;
        &lt;advanced&gt;true&lt;/advanced&gt;
        &lt;change_fields&gt;false&lt;/change_fields&gt;
        &lt;client_callable&gt;false&lt;/client_callable&gt;
        &lt;collection&gt;incident&lt;/collection&gt;
        &lt;condition/&gt;
        &lt;description/&gt;
        &lt;execute_function&gt;false&lt;/execute_function&gt;
        &lt;filter_condition/&gt;
        &lt;is_rest&gt;false&lt;/is_rest&gt;
        &lt;message/&gt;
        &lt;name&gt;LogItemChange&lt;/name&gt;
        &lt;order&gt;100&lt;/order&gt;
        &lt;priority/&gt;
        &lt;rest_method/&gt;
        &lt;rest_method_text/&gt;
        &lt;rest_service/&gt;
        &lt;rest_service_text/&gt;
        &lt;rest_variables/&gt;
        &lt;role_conditions/&gt;
        &lt;script&gt;&lt;![CDATA[	
    const { showStatusUpdate } = require('./src/myfunction.js')
	  showStatusUpdate(current.getValue('status'), previous.getValue('status'))
]]&gt;&lt;/script&gt;
        &lt;sys_class_name&gt;sys_script&lt;/sys_class_name&gt;
        &lt;sys_created_by&gt;admin&lt;/sys_created_by&gt;
        &lt;sys_created_on&gt;2024-03-14 17:55:24&lt;/sys_created_on&gt;
        &lt;sys_domain&gt;global&lt;/sys_domain&gt;
        &lt;sys_domain_path&gt;/&lt;/sys_domain_path&gt;
        &lt;sys_id&gt;7d32077f173f46648d19b6e3cbcb2f5e&lt;/sys_id&gt;
        &lt;sys_mod_count&gt;0&lt;/sys_mod_count&gt;
        &lt;sys_name&gt;LogItemChange&lt;/sys_name&gt;
        &lt;sys_overrides/&gt;
        &lt;sys_package display_value="sn_bpe" source="x_13131_bpe"&gt;46be477b4774021051711288c26d432c&lt;/sys_package&gt;
        &lt;sys_policy/&gt;
        &lt;sys_scope display_value="sn_bpe"&gt;46be477b4774021051711288c26d432c&lt;/sys_scope&gt;
        &lt;sys_update_name&gt;sys_script_7d32077f173f46648d19b6e3cbcb2f5e&lt;/sys_update_name&gt;
        &lt;sys_updated_by&gt;admin&lt;/sys_updated_by&gt;
        &lt;sys_updated_on&gt;2024-03-14 17:55:24&lt;/sys_updated_on&gt;
        &lt;template/&gt;
        &lt;when&gt;after&lt;/when&gt;
    &lt;/sys_script&gt;
    &lt;sys_translated_text action="delete_multiple" query="documentkey=7d32077f173f46648d19b6e3cbcb2f5e"/&gt;
&lt;/record_update&gt;</payload>
        <payload_hash>1620975617</payload_hash>
        <record_name>LogItemChange</record_name>
        <reverted_from/>
        <source>4b739b3b47b4021051711288c26d43fc</source>
        <source_table>sys_upgrade_history</source_table>
        <state>previous</state>
        <sys_created_by>admin</sys_created_by>
        <sys_created_on>2024-03-14 18:15:59</sys_created_on>
        <sys_id>1373db3b47b4021051711288c26d4300</sys_id>
        <sys_mod_count>0</sys_mod_count>
        <sys_recorded_at>18e3e2d99130000001</sys_recorded_at>
        <sys_updated_by>admin</sys_updated_by>
        <sys_updated_on>2024-03-14 18:15:59</sys_updated_on>
        <type>Business Rule</type>
        <update_guid>5f739b3b86b40210b39a1c80e667ffff</update_guid>
        <update_guid_history>5f739b3b86b40210b39a1c80e667ffff:0,fd13933b59b40210017cef497452b90b:-1189918167,e2c0d37746b40210f79d5ef4725eb52a:0,75ce0fb317b402101bdb31a686f7d018:0</update_guid_history>
    </sys_update_version>
    <sys_metadata_delete action="INSERT_OR_UPDATE">
        <sys_audit_delete/>
        <sys_class_name>sys_metadata_delete</sys_class_name>
        <sys_created_by>admin</sys_created_by>
        <sys_created_on>2024-03-14 18:40:27</sys_created_on>
        <sys_db_object display_value="" name="sys_script">sys_script</sys_db_object>
        <sys_id>27021d516df445de881dd118d300c2c4</sys_id>
        <sys_metadata>7d32077f173f46648d19b6e3cbcb2f5e</sys_metadata>
        <sys_mod_count>0</sys_mod_count>
        <sys_name>LogItemChange</sys_name>
        <sys_package display_value="sn_bpe" source="x_13131_bpe">46be477b4774021051711288c26d432c</sys_package>
        <sys_parent display_value="Incident">c5fdb4989080021087de3cfccdb0d655</sys_parent>
        <sys_policy/>
        <sys_scope display_value="sn_bpe">46be477b4774021051711288c26d432c</sys_scope>
        <sys_scope_delete display_value="">62604b911d4a4e949a7048a041b15c10</sys_scope_delete>
        <sys_update_name>sys_script_7d32077f173f46648d19b6e3cbcb2f5e</sys_update_name>
        <sys_update_version display_value="sys_script_7d32077f173f46648d19b6e3cbcb2f5e">1373db3b47b4021051711288c26d4300</sys_update_version>
        <sys_updated_by>admin</sys_updated_by>
        <sys_updated_on>2024-03-14 18:40:27</sys_updated_on>
    </sys_metadata_delete>
</record_update>
