<?xml version="1.0" encoding="UTF-8"?><record_update table="sys_security_acl">
    <sys_security_acl action="INSERT_OR_UPDATE">
        <active>true</active>
        <admin_overrides>true</admin_overrides>
        <advanced>true</advanced>
        <condition/>
        <description>Default access control on x_13131_bpe_tokenizer</description>
        <local_or_existing>Local</local_or_existing>
        <name>x_13131_bpe_tokenizer</name>
        <operation display_value="read">read</operation>
        <script/>
        <security_attribute/>
        <sys_class_name>sys_security_acl</sys_class_name>
        <sys_created_by>admin</sys_created_by>
        <sys_created_on>2024-03-14 19:52:19</sys_created_on>
        <sys_id>1689af374738021051711288c26d435e</sys_id>
        <sys_mod_count>0</sys_mod_count>
        <sys_name>x_13131_bpe_tokenizer</sys_name>
        <sys_package display_value="sn_bpe" source="x_13131_bpe">46be477b4774021051711288c26d432c</sys_package>
        <sys_policy/>
        <sys_scope display_value="sn_bpe">46be477b4774021051711288c26d432c</sys_scope>
        <sys_update_name>sys_security_acl_1689af374738021051711288c26d435e</sys_update_name>
        <sys_updated_by>admin</sys_updated_by>
        <sys_updated_on>2024-03-14 19:52:19</sys_updated_on>
        <type display_value="record">record</type>
    </sys_security_acl>
</record_update>
