<?xml version="1.0" encoding="UTF-8"?><record_update>
    <sys_ui_section caption="" section_id="1edae3b74738021051711288c26d435e" sys_domain="global" table="x_13131_bpe_tokenizer" version="3" view="">
        <sys_ui_element action="INSERT_OR_UPDATE">
            <element>name</element>
            <position>0</position>
            <sys_created_by>admin</sys_created_by>
            <sys_created_on>2024-03-14 19:58:03</sys_created_on>
            <sys_id>5adae3b74738021051711288c26d4365</sys_id>
            <sys_mod_count>0</sys_mod_count>
            <sys_ui_formatter/>
            <sys_ui_section caption="NULL" display_value="" name="x_13131_bpe_tokenizer" sys_domain="global" view="Default view">1edae3b74738021051711288c26d435e</sys_ui_section>
            <sys_updated_by>admin</sys_updated_by>
            <sys_updated_on>2024-03-14 19:58:03</sys_updated_on>
            <sys_user/>
            <type/>
        </sys_ui_element>
        <sys_ui_element action="INSERT_OR_UPDATE">
            <element>special_tokens</element>
            <position>1</position>
            <sys_created_by>admin</sys_created_by>
            <sys_created_on>2024-03-14 19:58:03</sys_created_on>
            <sys_id>16dae3b74738021051711288c26d4366</sys_id>
            <sys_mod_count>0</sys_mod_count>
            <sys_ui_formatter/>
            <sys_ui_section caption="NULL" display_value="" name="x_13131_bpe_tokenizer" sys_domain="global" view="Default view">1edae3b74738021051711288c26d435e</sys_ui_section>
            <sys_updated_by>admin</sys_updated_by>
            <sys_updated_on>2024-03-14 19:58:03</sys_updated_on>
            <sys_user/>
            <type/>
        </sys_ui_element>
        <sys_ui_element action="INSERT_OR_UPDATE">
            <element>pattern_string</element>
            <position>2</position>
            <sys_created_by>admin</sys_created_by>
            <sys_created_on>2024-03-14 19:58:03</sys_created_on>
            <sys_id>9adae3b74738021051711288c26d4366</sys_id>
            <sys_mod_count>0</sys_mod_count>
            <sys_ui_formatter/>
            <sys_ui_section caption="NULL" display_value="" name="x_13131_bpe_tokenizer" sys_domain="global" view="Default view">1edae3b74738021051711288c26d435e</sys_ui_section>
            <sys_updated_by>admin</sys_updated_by>
            <sys_updated_on>2024-03-14 19:58:03</sys_updated_on>
            <sys_user/>
            <type/>
        </sys_ui_element>
        <sys_ui_section action="INSERT_OR_UPDATE">
            <caption/>
            <header>false</header>
            <name>x_13131_bpe_tokenizer</name>
            <roles/>
            <sys_class_name>sys_ui_section</sys_class_name>
            <sys_created_by>admin</sys_created_by>
            <sys_created_on>2024-03-14 19:58:03</sys_created_on>
            <sys_domain>global</sys_domain>
            <sys_domain_path>/</sys_domain_path>
            <sys_id>1edae3b74738021051711288c26d435e</sys_id>
            <sys_mod_count>0</sys_mod_count>
            <sys_name>x_13131_bpe_tokenizer</sys_name>
            <sys_overrides/>
            <sys_package display_value="sn_bpe" source="x_13131_bpe">46be477b4774021051711288c26d432c</sys_package>
            <sys_policy/>
            <sys_scope display_value="sn_bpe">46be477b4774021051711288c26d432c</sys_scope>
            <sys_update_name>sys_ui_section_1edae3b74738021051711288c26d435e</sys_update_name>
            <sys_updated_by>admin</sys_updated_by>
            <sys_updated_on>2024-03-14 19:58:03</sys_updated_on>
            <sys_user/>
            <title>true</title>
            <view display_value="Default view" name="NULL">Default view</view>
            <view_name/>
        </sys_ui_section>
    </sys_ui_section>
</record_update>
