<?xml version="1.0" encoding="UTF-8"?><record_update>
    <sys_documentation element="special_tokens" label="Special Tokens" language="en" table="x_13131_bpe_tokenizer">
        <sys_documentation action="INSERT_OR_UPDATE">
            <element>special_tokens</element>
            <help/>
            <hint/>
            <label>Special Tokens</label>
            <language>en</language>
            <name>x_13131_bpe_tokenizer</name>
            <plural>Special Tokens</plural>
            <sys_class_name>sys_documentation</sys_class_name>
            <sys_created_by>admin</sys_created_by>
            <sys_created_on>2024-03-14 19:52:20</sys_created_on>
            <sys_id>e289af374738021051711288c26d4389</sys_id>
            <sys_mod_count>0</sys_mod_count>
            <sys_name>Special Tokens</sys_name>
            <sys_package display_value="sn_bpe" source="x_13131_bpe">46be477b4774021051711288c26d432c</sys_package>
            <sys_policy/>
            <sys_scope display_value="sn_bpe">46be477b4774021051711288c26d432c</sys_scope>
            <sys_update_name>sys_documentation_x_13131_bpe_tokenizer_special_tokens_en</sys_update_name>
            <sys_updated_by>admin</sys_updated_by>
            <sys_updated_on>2024-03-14 19:52:20</sys_updated_on>
            <url/>
            <url_target/>
        </sys_documentation>
    </sys_documentation>
</record_update>
