<?xml version="1.0" encoding="UTF-8"?><record_update table="sys_security_acl_role">
    <sys_security_acl_role action="INSERT_OR_UPDATE">
        <sys_class_name>sys_security_acl_role</sys_class_name>
        <sys_created_by>admin</sys_created_by>
        <sys_created_on>2024-03-14 19:52:19</sys_created_on>
        <sys_id>9689af374738021051711288c26d4361</sys_id>
        <sys_mod_count>0</sys_mod_count>
        <sys_name>x_13131_bpe_tokenizer.admin</sys_name>
        <sys_package display_value="sn_bpe" source="x_13131_bpe">46be477b4774021051711288c26d432c</sys_package>
        <sys_policy/>
        <sys_scope display_value="sn_bpe">46be477b4774021051711288c26d432c</sys_scope>
        <sys_security_acl display_value="x_13131_bpe_tokenizer">1689af374738021051711288c26d435e</sys_security_acl>
        <sys_update_name>sys_security_acl_role_9689af374738021051711288c26d4361</sys_update_name>
        <sys_updated_by>admin</sys_updated_by>
        <sys_updated_on>2024-03-14 19:52:19</sys_updated_on>
        <sys_user_role display_value="admin" name="admin">2831a114c611228501d4ea6c309d626d</sys_user_role>
    </sys_security_acl_role>
</record_update>
