<?xml version="1.0" encoding="UTF-8"?><record_update table="sys_db_object">
    <sys_db_object action="INSERT_OR_UPDATE">
        <access>public</access>
        <actions_access>false</actions_access>
        <alter_access>false</alter_access>
        <caller_access/>
        <client_scripts_access>false</client_scripts_access>
        <configuration_access>false</configuration_access>
        <create_access>false</create_access>
        <create_access_controls>true</create_access_controls>
        <delete_access>false</delete_access>
        <is_extendable>false</is_extendable>
        <label>Tokenizer</label>
        <live_feed_enabled>false</live_feed_enabled>
        <name>x_13131_bpe_tokenizer</name>
        <number_ref/>
        <provider_class/>
        <read_access>true</read_access>
        <scriptable_table>false</scriptable_table>
        <super_class/>
        <sys_class_name>sys_db_object</sys_class_name>
        <sys_created_by>admin</sys_created_by>
        <sys_created_on>2024-03-14 19:52:19</sys_created_on>
        <sys_id>141967374738021051711288c26d4309</sys_id>
        <sys_mod_count>0</sys_mod_count>
        <sys_name>Tokenizer</sys_name>
        <sys_package display_value="sn_bpe" source="x_13131_bpe">46be477b4774021051711288c26d432c</sys_package>
        <sys_policy/>
        <sys_scope display_value="sn_bpe">46be477b4774021051711288c26d432c</sys_scope>
        <sys_update_name>sys_db_object_141967374738021051711288c26d4309</sys_update_name>
        <sys_updated_by>admin</sys_updated_by>
        <sys_updated_on>2024-03-14 19:52:19</sys_updated_on>
        <update_access>false</update_access>
        <user_role display_value="admin" name="admin">2831a114c611228501d4ea6c309d626d</user_role>
        <ws_access>true</ws_access>
    </sys_db_object>
</record_update>
