<?xml version="1.0"?>
<record_update>
  <sys_module action="INSERT_OR_UPDATE">
    <sys_scope>46be477b4774021051711288c26d432c</sys_scope>
    <path>x_13131_bpe/sn_bpe/1.0.0/src/UTF8Polyfill.js</path>
    <external_source>false</external_source>
    <content><![CDATA["use strict";
// ## CREDITS ## 
// Basded on https://github.com/coolaj86/TextEncoderLite_tmp under Apache 2.0
// https://github.com/coolaj86/TextEncoderLite_tmp?tab=Apache-2.0-1-ov-file#readme
Object.defineProperty(exports, "__esModule", { value: true });
exports.TextDecoderPolyfill = exports.TextEncoderPolyfill = void 0;
var TextEncoderPolyfill = /** @class */ (function () {
    function TextEncoderPolyfill() {
    }
    TextEncoderPolyfill.prototype.encode = function (str) {
        var result;
        result = utf8ToBytes(str);
        return result;
    };
    return TextEncoderPolyfill;
}());
exports.TextEncoderPolyfill = TextEncoderPolyfill;
var TextDecoderPolyfill = /** @class */ (function () {
    function TextDecoderPolyfill() {
    }
    TextDecoderPolyfill.prototype.decode = function (bytes) {
        return utf8Slice(bytes, 0, bytes.length);
    };
    return TextDecoderPolyfill;
}());
exports.TextDecoderPolyfill = TextDecoderPolyfill;
function utf8ToBytes(string, units) {
    units = units || Infinity;
    var codePoint;
    var length = string.length;
    var leadSurrogate = null;
    var bytes = [];
    var i = 0;
    for (; i < length; i++) {
        codePoint = string.charCodeAt(i);
        // is surrogate component
        if (codePoint > 0xD7FF && codePoint < 0xE000) {
            // last char was a lead
            if (leadSurrogate) {
                // 2 leads in a row
                if (codePoint < 0xDC00) {
                    if ((units -= 3) > -1)
                        bytes.push(0xEF, 0xBF, 0xBD);
                    leadSurrogate = codePoint;
                    continue;
                }
                else {
                    // valid surrogate pair
                    codePoint = leadSurrogate - 0xD800 << 10 | codePoint - 0xDC00 | 0x10000;
                    leadSurrogate = null;
                }
            }
            else {
                // no lead yet
                if (codePoint > 0xDBFF) {
                    // unexpected trail
                    if ((units -= 3) > -1)
                        bytes.push(0xEF, 0xBF, 0xBD);
                    continue;
                }
                else if (i + 1 === length) {
                    // unpaired lead
                    if ((units -= 3) > -1)
                        bytes.push(0xEF, 0xBF, 0xBD);
                    continue;
                }
                else {
                    // valid lead
                    leadSurrogate = codePoint;
                    continue;
                }
            }
        }
        else if (leadSurrogate) {
            // valid bmp char, but last char was a lead
            if ((units -= 3) > -1)
                bytes.push(0xEF, 0xBF, 0xBD);
            leadSurrogate = null;
        }
        // encode utf8
        if (codePoint < 0x80) {
            if ((units -= 1) < 0)
                break;
            bytes.push(codePoint);
        }
        else if (codePoint < 0x800) {
            if ((units -= 2) < 0)
                break;
            bytes.push(codePoint >> 0x6 | 0xC0, codePoint & 0x3F | 0x80);
        }
        else if (codePoint < 0x10000) {
            if ((units -= 3) < 0)
                break;
            bytes.push(codePoint >> 0xC | 0xE0, codePoint >> 0x6 & 0x3F | 0x80, codePoint & 0x3F | 0x80);
        }
        else if (codePoint < 0x200000) {
            if ((units -= 4) < 0)
                break;
            bytes.push(codePoint >> 0x12 | 0xF0, codePoint >> 0xC & 0x3F | 0x80, codePoint >> 0x6 & 0x3F | 0x80, codePoint & 0x3F | 0x80);
        }
        else {
            throw new Error('Invalid code point');
        }
    }
    return bytes;
}
function utf8Slice(buf, start, end) {
    var res = '';
    var tmp = '';
    end = Math.min(buf.length, end || Infinity);
    start = start || 0;
    for (var i = start; i < end; i++) {
        if (buf[i] <= 0x7F) {
            res += decodeUtf8Char(tmp) + String.fromCharCode(buf[i]);
            tmp = '';
        }
        else {
            tmp += '%' + buf[i].toString(16);
        }
    }
    return res + decodeUtf8Char(tmp);
}
function decodeUtf8Char(str) {
    try {
        return decodeURIComponent(str);
    }
    catch (err) {
        return String.fromCharCode(0xFFFD); // UTF 8 invalid char
    }
}
]]></content>
  </sys_module>
</record_update>