<?xml version="1.0" encoding="UTF-8"?><record_update table="sys_scope_privilege">
    <sys_scope_privilege action="INSERT_OR_UPDATE">
        <operation>execute</operation>
        <source_scope display_value="sn_bpe">46be477b4774021051711288c26d432c</source_scope>
        <status>allowed</status>
        <sys_class_name>sys_scope_privilege</sys_class_name>
        <sys_created_by>admin</sys_created_by>
        <sys_created_on>2024-03-19 17:48:12</sys_created_on>
        <sys_id>051dfce947c9061051711288c26d438b</sys_id>
        <sys_mod_count>0</sys_mod_count>
        <sys_name>GlideRecord.deleteRecord</sys_name>
        <sys_package display_value="sn_bpe" source="x_13131_bpe">46be477b4774021051711288c26d432c</sys_package>
        <sys_policy/>
        <sys_scope display_value="sn_bpe">46be477b4774021051711288c26d432c</sys_scope>
        <sys_update_name>sys_scope_privilege_051dfce947c9061051711288c26d438b</sys_update_name>
        <sys_updated_by>admin</sys_updated_by>
        <sys_updated_on>2024-03-19 17:48:12</sys_updated_on>
        <target_name>GlideRecord.deleteRecord</target_name>
        <target_scope display_value="Global">global</target_scope>
        <target_type>scriptable</target_type>
    </sys_scope_privilege>
</record_update>
