<?xml version="1.0" encoding="UTF-8"?><record_update>
    <sys_ui_list parent="" relationship="" sys_domain="global" table="x_13131_bpe_tokenizer" version="2" view="">
        <sys_ui_list_element action="INSERT_OR_UPDATE">
            <average_value>false</average_value>
            <element>name</element>
            <list_id display_value="x_13131_bpe_tokenizer" element="NULL" name="x_13131_bpe_tokenizer" parent="NULL" relationship="NULL" sys_domain="global" view="Default view">f1daaf774738021051711288c26d43f5</list_id>
            <max_value>false</max_value>
            <min_value>false</min_value>
            <position>0</position>
            <sum>false</sum>
            <sys_created_by>admin</sys_created_by>
            <sys_created_on>2024-03-14 19:58:01</sys_created_on>
            <sys_id>75daaf774738021051711288c26d43f6</sys_id>
            <sys_mod_count>0</sys_mod_count>
            <sys_updated_by>admin</sys_updated_by>
            <sys_updated_on>2024-03-14 19:58:01</sys_updated_on>
        </sys_ui_list_element>
        <sys_ui_list_element action="INSERT_OR_UPDATE">
            <average_value>false</average_value>
            <element>pattern_string</element>
            <list_id display_value="x_13131_bpe_tokenizer" element="NULL" name="x_13131_bpe_tokenizer" parent="NULL" relationship="NULL" sys_domain="global" view="Default view">f1daaf774738021051711288c26d43f5</list_id>
            <max_value>false</max_value>
            <min_value>false</min_value>
            <position>1</position>
            <sum>false</sum>
            <sys_created_by>admin</sys_created_by>
            <sys_created_on>2024-03-14 19:58:01</sys_created_on>
            <sys_id>f9daaf774738021051711288c26d43f6</sys_id>
            <sys_mod_count>0</sys_mod_count>
            <sys_updated_by>admin</sys_updated_by>
            <sys_updated_on>2024-03-14 19:58:01</sys_updated_on>
        </sys_ui_list_element>
        <sys_ui_list_element action="INSERT_OR_UPDATE">
            <average_value>false</average_value>
            <element>special_tokens</element>
            <list_id display_value="x_13131_bpe_tokenizer" element="NULL" name="x_13131_bpe_tokenizer" parent="NULL" relationship="NULL" sys_domain="global" view="Default view">f1daaf774738021051711288c26d43f5</list_id>
            <max_value>false</max_value>
            <min_value>false</min_value>
            <position>2</position>
            <sum>false</sum>
            <sys_created_by>admin</sys_created_by>
            <sys_created_on>2024-03-14 19:58:01</sys_created_on>
            <sys_id>7ddaaf774738021051711288c26d43f6</sys_id>
            <sys_mod_count>0</sys_mod_count>
            <sys_updated_by>admin</sys_updated_by>
            <sys_updated_on>2024-03-14 19:58:01</sys_updated_on>
        </sys_ui_list_element>
        <sys_ui_list action="INSERT_OR_UPDATE">
            <average_value>false</average_value>
            <element/>
            <max_value>false</max_value>
            <min_value>false</min_value>
            <name>x_13131_bpe_tokenizer</name>
            <parent/>
            <position/>
            <relationship/>
            <sum>false</sum>
            <sys_class_name>sys_ui_list</sys_class_name>
            <sys_created_by>admin</sys_created_by>
            <sys_created_on>2024-03-14 19:58:01</sys_created_on>
            <sys_domain>global</sys_domain>
            <sys_domain_path>/</sys_domain_path>
            <sys_id>f1daaf774738021051711288c26d43f5</sys_id>
            <sys_mod_count>0</sys_mod_count>
            <sys_name>x_13131_bpe_tokenizer</sys_name>
            <sys_package display_value="sn_bpe" source="x_13131_bpe">46be477b4774021051711288c26d432c</sys_package>
            <sys_policy/>
            <sys_scope display_value="sn_bpe">46be477b4774021051711288c26d432c</sys_scope>
            <sys_update_name>sys_ui_list_x_13131_bpe_tokenizer_null</sys_update_name>
            <sys_updated_by>admin</sys_updated_by>
            <sys_updated_on>2024-03-14 19:58:01</sys_updated_on>
            <sys_user/>
            <view display_value="Default view" name="NULL">Default view</view>
            <view_name/>
        </sys_ui_list>
    </sys_ui_list>
</record_update>
